<?xml version="1.0" encoding="UTF-8"?>
<project-private xmlns="http://www.netbeans.org/ns/project-private/1">
    <editor-bookmarks xmlns="http://www.netbeans.org/ns/editor-bookmarks/2" lastBookmarkId="0"/>
    <open-files xmlns="http://www.netbeans.org/ns/projectui-open-files/2">
        <group>
            <file>file:/E:/Salman%20DS%20Project/src/code/StringLinkedList.java</file>
            <file>file:/E:/Salman%20DS%20Project/src/code/PhoneBook.java</file>
            <file>file:/E:/Salman%20DS%20Project/src/code/FileHandlingTask.java</file>
            <file>file:/E:/Salman%20DS%20Project/src/code/Editior.java</file>
            <file>file:/E:/Salman%20DS%20Project/src/code/Main.java</file>
        </group>
    </open-files>
</project-private>
